{"cameraMode":{"drawMode":0,"name":"Shaded","section":"Shading Mode"},"sceneLighting":true,"audioPlay":false,"sceneViewState":{"showFog":true,"showMaterialUpdate":false,"showSkybox":true,"showFlares":true,"showImageEffects":true,"showParticleSystems":true},"in2DMode":false,"pivot":{"x":0.15754520893096925,"y":1.1051093339920045,"z":1.817865252494812},"rotation":{"x":0.06654579937458039,"y":0.42973417043685915,"z":-0.03177564963698387,"w":0.8999465703964233},"size":3.776233196258545,"orthographic":false}